<?xml version="1.0" encoding="UTF-8"?>
<project version="4">
  <component name="ChangeListManager">
    <list default="true" id="025ae142-8497-411a-8983-a62c0fd0e59d" name="Default Changelist" comment="" />
    <option name="EXCLUDED_CONVERTED_TO_IGNORED" value="true" />
    <option name="SHOW_DIALOG" value="false" />
    <option name="HIGHLIGHT_CONFLICTS" value="true" />
    <option name="HIGHLIGHT_NON_ACTIVE_CHANGELIST" value="false" />
    <option name="LAST_RESOLUTION" value="IGNORE" />
  </component>
  <component name="ComposerSettings" doNotAsk="true">
    <pharConfigPath>$PROJECT_DIR$/composer.json</pharConfigPath>
    <execution>
      <executable />
    </execution>
  </component>
  <component name="Git.Settings">
    <option name="RECENT_GIT_ROOT_PATH" value="$PROJECT_DIR$" />
    <option name="UPDATE_TYPE" value="MERGE" />
  </component>
  <component name="PhpWorkspaceProjectConfiguration">
    <include_path>
      <path value="$PROJECT_DIR$/vendor/monolog/monolog" />
      <path value="$PROJECT_DIR$/vendor/sebastian/code-unit-reverse-lookup" />
      <path value="$PROJECT_DIR$/vendor/sebastian/version" />
      <path value="$PROJECT_DIR$/vendor/sebastian/object-reflector" />
      <path value="$PROJECT_DIR$/vendor/sebastian/comparator" />
      <path value="$PROJECT_DIR$/vendor/sebastian/environment" />
      <path value="$PROJECT_DIR$/vendor/sebastian/object-enumerator" />
      <path value="$PROJECT_DIR$/vendor/sebastian/exporter" />
      <path value="$PROJECT_DIR$/vendor/sebastian/diff" />
      <path value="$PROJECT_DIR$/vendor/sebastian/global-state" />
      <path value="$PROJECT_DIR$/vendor/sebastian/recursion-context" />
      <path value="$PROJECT_DIR$/vendor/sebastian/resource-operations" />
      <path value="$PROJECT_DIR$/vendor/doctrine/lexer" />
      <path value="$PROJECT_DIR$/vendor/nunomaduro/collision" />
      <path value="$PROJECT_DIR$/vendor/doctrine/instantiator" />
      <path value="$PROJECT_DIR$/vendor/doctrine/inflector" />
      <path value="$PROJECT_DIR$/vendor/phpdocumentor/reflection-common" />
      <path value="$PROJECT_DIR$/vendor/phpdocumentor/reflection-docblock" />
      <path value="$PROJECT_DIR$/vendor/phpdocumentor/type-resolver" />
      <path value="$PROJECT_DIR$/vendor/egulias/email-validator" />
      <path value="$PROJECT_DIR$/vendor/myclabs/deep-copy" />
      <path value="$PROJECT_DIR$/vendor/psy/psysh" />
      <path value="$PROJECT_DIR$/vendor/dnoegel/php-xdg-base-dir" />
      <path value="$PROJECT_DIR$/vendor/phpoption/phpoption" />
      <path value="$PROJECT_DIR$/vendor/league/flysystem" />
      <path value="$PROJECT_DIR$/vendor/erusev/parsedown" />
      <path value="$PROJECT_DIR$/vendor/nikic/php-parser" />
      <path value="$PROJECT_DIR$/vendor/jakub-onderka/php-console-color" />
      <path value="$PROJECT_DIR$/vendor/jakub-onderka/php-console-highlighter" />
      <path value="$PROJECT_DIR$/vendor/paragonie/random_compat" />
      <path value="$PROJECT_DIR$/vendor/theseer/tokenizer" />
      <path value="$PROJECT_DIR$/vendor/fideloper/proxy" />
      <path value="$PROJECT_DIR$/vendor/psr/log" />
      <path value="$PROJECT_DIR$/vendor/psr/container" />
      <path value="$PROJECT_DIR$/vendor/vlucas/phpdotenv" />
      <path value="$PROJECT_DIR$/vendor/psr/simple-cache" />
      <path value="$PROJECT_DIR$/vendor/opis/closure" />
      <path value="$PROJECT_DIR$/vendor/phpspec/prophecy" />
      <path value="$PROJECT_DIR$/vendor/laravel/tinker" />
      <path value="$PROJECT_DIR$/vendor/laravel/framework" />
      <path value="$PROJECT_DIR$/vendor/dragonmantank/cron-expression" />
      <path value="$PROJECT_DIR$/vendor/phpunit/phpunit" />
      <path value="$PROJECT_DIR$/vendor/phpunit/php-code-coverage" />
      <path value="$PROJECT_DIR$/vendor/symfony/event-dispatcher" />
      <path value="$PROJECT_DIR$/vendor/phpunit/php-file-iterator" />
      <path value="$PROJECT_DIR$/vendor/symfony/polyfill-intl-idn" />
      <path value="$PROJECT_DIR$/vendor/phpunit/php-timer" />
      <path value="$PROJECT_DIR$/vendor/symfony/event-dispatcher-contracts" />
      <path value="$PROJECT_DIR$/vendor/phpunit/php-text-template" />
      <path value="$PROJECT_DIR$/vendor/symfony/polyfill-iconv" />
      <path value="$PROJECT_DIR$/vendor/phpunit/php-token-stream" />
      <path value="$PROJECT_DIR$/vendor/symfony/css-selector" />
      <path value="$PROJECT_DIR$/vendor/symfony/routing" />
      <path value="$PROJECT_DIR$/vendor/symfony/mime" />
      <path value="$PROJECT_DIR$/vendor/symfony/process" />
      <path value="$PROJECT_DIR$/vendor/symfony/debug" />
      <path value="$PROJECT_DIR$/vendor/tijsverkoyen/css-to-inline-styles" />
      <path value="$PROJECT_DIR$/vendor/symfony/service-contracts" />
      <path value="$PROJECT_DIR$/vendor/symfony/translation-contracts" />
      <path value="$PROJECT_DIR$/vendor/symfony/translation" />
      <path value="$PROJECT_DIR$/vendor/symfony/console" />
      <path value="$PROJECT_DIR$/vendor/fzaninotto/faker" />
      <path value="$PROJECT_DIR$/vendor/symfony/finder" />
      <path value="$PROJECT_DIR$/vendor/symfony/var-dumper" />
      <path value="$PROJECT_DIR$/vendor/composer" />
      <path value="$PROJECT_DIR$/vendor/symfony/http-kernel" />
      <path value="$PROJECT_DIR$/vendor/symfony/polyfill-ctype" />
      <path value="$PROJECT_DIR$/vendor/symfony/http-foundation" />
      <path value="$PROJECT_DIR$/vendor/symfony/polyfill-mbstring" />
      <path value="$PROJECT_DIR$/vendor/symfony/polyfill-php72" />
      <path value="$PROJECT_DIR$/vendor/symfony/polyfill-php73" />
      <path value="$PROJECT_DIR$/vendor/phar-io/manifest" />
      <path value="$PROJECT_DIR$/vendor/phar-io/version" />
      <path value="$PROJECT_DIR$/vendor/hamcrest/hamcrest-php" />
      <path value="$PROJECT_DIR$/vendor/beyondcode/laravel-dump-server" />
      <path value="$PROJECT_DIR$/vendor/nesbot/carbon" />
      <path value="$PROJECT_DIR$/vendor/filp/whoops" />
      <path value="$PROJECT_DIR$/vendor/swiftmailer/swiftmailer" />
      <path value="$PROJECT_DIR$/vendor/webmozart/assert" />
      <path value="$PROJECT_DIR$/vendor/ramsey/uuid" />
      <path value="$PROJECT_DIR$/vendor/mockery/mockery" />
      <path value="$PROJECT_DIR$/vendor/maatwebsite/excel" />
      <path value="$PROJECT_DIR$/vendor/phpoffice/phpspreadsheet" />
      <path value="$PROJECT_DIR$/vendor/markbaker/matrix" />
      <path value="$PROJECT_DIR$/vendor/markbaker/complex" />
    </include_path>
  </component>
  <component name="ProjectId" id="1U1FW5TZqmVFtiCliJlJhwqVfU3" />
  <component name="PropertiesComponent">
    <property name="WebServerToolWindowFactoryState" value="false" />
    <property name="last_opened_file_path" value="$PROJECT_DIR$" />
    <property name="nodejs_package_manager_path" value="npm" />
  </component>
  <component name="RunDashboard">
    <option name="ruleStates">
      <list>
        <RuleState>
          <option name="name" value="ConfigurationTypeDashboardGroupingRule" />
        </RuleState>
        <RuleState>
          <option name="name" value="StatusDashboardGroupingRule" />
        </RuleState>
      </list>
    </option>
  </component>
  <component name="SvnConfiguration">
    <configuration />
  </component>
  <component name="TaskManager">
    <task active="true" id="Default" summary="Default task">
      <changelist id="025ae142-8497-411a-8983-a62c0fd0e59d" name="Default Changelist" comment="" />
      <created>1574516222944</created>
      <option name="number" value="Default" />
      <option name="presentableId" value="Default" />
      <updated>1574516222944</updated>
      <workItem from="1574516224704" duration="898000" />
      <workItem from="1574667772025" duration="633000" />
      <workItem from="1574683233526" duration="203000" />
    </task>
    <task id="LOCAL-00001" summary="SN">
      <created>1574516400672</created>
      <option name="number" value="00001" />
      <option name="presentableId" value="LOCAL-00001" />
      <option name="project" value="LOCAL" />
      <updated>1574516400672</updated>
    </task>
    <task id="LOCAL-00002" summary="SN">
      <created>1574516433705</created>
      <option name="number" value="00002" />
      <option name="presentableId" value="LOCAL-00002" />
      <option name="project" value="LOCAL" />
      <updated>1574516433705</updated>
    </task>
    <task id="LOCAL-00003" summary="SN">
      <created>1574667917218</created>
      <option name="number" value="00003" />
      <option name="presentableId" value="LOCAL-00003" />
      <option name="project" value="LOCAL" />
      <updated>1574667917218</updated>
    </task>
    <option name="localTasksCounter" value="4" />
    <servers />
  </component>
  <component name="TypeScriptGeneratedFilesManager">
    <option name="version" value="1" />
  </component>
  <component name="Vcs.Log.Tabs.Properties">
    <option name="TAB_STATES">
      <map>
        <entry key="MAIN">
          <value>
            <State>
              <option name="COLUMN_ORDER" />
            </State>
          </value>
        </entry>
      </map>
    </option>
  </component>
  <component name="VcsManagerConfiguration">
    <option name="CHECK_CODE_SMELLS_BEFORE_PROJECT_COMMIT" value="false" />
    <option name="CHECK_NEW_TODO" value="false" />
    <MESSAGE value="SN" />
    <option name="LAST_COMMIT_MESSAGE" value="SN" />
  </component>
</project>